{"cameraMode":{"drawMode":0,"name":"Shaded","section":"Shading Mode"},"sceneLighting":true,"audioPlay":false,"sceneViewState":{"m_AlwaysRefresh":false,"showFog":true,"showSkybox":true,"showFlares":true,"showImageEffects":true,"showParticleSystems":true,"showVisualEffectGraphs":true,"m_FxEnabled":true},"in2DMode":false,"pivot":{"x":3.3821310997009279,"y":-1.1939582824707032,"z":0.30345821380615237},"rotation":{"x":0.16155505180358888,"y":0.8104938268661499,"z":-0.49782153964042666,"w":0.2630242705345154},"size":16.725629806518556,"orthographic":false}